{
  "Use Non-ASCII Font" : false,
  "Tags" : [

  ],
  "Ansi 12 Color" : {
    "Green Component" : 0.50962930917739868,
    "Blue Component" : 0.51685798168182373,
    "Red Component" : 0.44058024883270258
  },
  "Custom Directory" : "Recycle",
  "Normal Font" : "Monaco 18",
  "Bold Color" : {
    "Green Component" : 0.56485837697982788,
    "Blue Component" : 0.56363654136657715,
    "Red Component" : 0.50599193572998047
  },
  "Link Color" : {
    "Red Component" : 0,
    "Color Space" : "sRGB",
    "Blue Component" : 0.73423302173614502,
    "Alpha Component" : 1,
    "Green Component" : 0.35916060209274292
  },
  "Ansi 3 Color" : {
    "Green Component" : 0.46751424670219421,
    "Blue Component" : 0.02348481118679047,
    "Red Component" : 0.64746475219726562
  },
  "Right Option Key Sends" : 0,
  "Rows" : 25,
  "Default Bookmark" : "No",
  "Cursor Guide Color" : {
    "Red Component" : 0.70213186740875244,
    "Color Space" : "sRGB",
    "Blue Component" : 1,
    "Alpha Component" : 0.25,
    "Green Component" : 0.9268307089805603
  },
  "Non-ASCII Anti Aliased" : true,
  "Use Bright Bold" : true,
  "Ansi 10 Color" : {
    "Green Component" : 0.35665956139564509,
    "Blue Component" : 0.38298487663269037,
    "Red Component" : 0.27671992778778082
  },
  "Ambiguous Double Width" : false,
  "Jobs to Ignore" : [
    "rlogin",
    "ssh",
    "slogin",
    "telnet"
  ],
  "Ansi 15 Color" : {
    "Green Component" : 0.95794391632080078,
    "Blue Component" : 0.86405980587005615,
    "Red Component" : 0.98943418264389038
  },
  "Foreground Color" : {
    "Green Component" : 0.50962930917739868,
    "Blue Component" : 0.51685798168182373,
    "Red Component" : 0.44058024883270258
  },
  "Working Directory" : "\/Users\/zytek",
  "Blinking Cursor" : false,
  "Disable Window Resizing" : true,
  "Sync Title" : false,
  "Prompt Before Closing 2" : false,
  "BM Growl" : true,
  "Command" : "",
  "Description" : "Default",
  "Mouse Reporting" : true,
  "Screen" : -1,
  "Selection Color" : {
    "Green Component" : 0.15575926005840299,
    "Blue Component" : 0.19370138645172119,
    "Red Component" : 0
  },
  "Columns" : 80,
  "Idle Code" : 0,
  "Ansi 13 Color" : {
    "Green Component" : 0.33896297216415411,
    "Blue Component" : 0.72908437252044678,
    "Red Component" : 0.34798634052276611
  },
  "Custom Command" : "No",
  "ASCII Anti Aliased" : true,
  "Non Ascii Font" : "Monaco 12",
  "Vertical Spacing" : 1,
  "Use Bold Font" : true,
  "Option Key Sends" : 0,
  "Selected Text Color" : {
    "Green Component" : 0.56485837697982788,
    "Blue Component" : 0.56363654136657715,
    "Red Component" : 0.50599193572998047
  },
  "Background Color" : {
    "Green Component" : 0.11783610284328461,
    "Blue Component" : 0.15170273184776309,
    "Red Component" : 0
  },
  "Character Encoding" : 4,
  "Ansi 11 Color" : {
    "Green Component" : 0.40717673301696777,
    "Blue Component" : 0.43850564956665039,
    "Red Component" : 0.32436618208885187
  },
  "Use Italic Font" : true,
  "Unlimited Scrollback" : false,
  "Keyboard Map" : {
    "0xf703-0x240000-0x7c" : {
      "Version" : 2,
      "Apply Mode" : 0,
      "Action" : 10,
      "Text" : "f",
      "Escaping" : 1
    },
    "0xf703-0x300000" : {
      "Text" : "0x5",
      "Action" : 11
    },
    "0xf703-0x220000" : {
      "Text" : "",
      "Action" : 0
    },
    "0xf702-0x300000" : {
      "Text" : "0x1",
      "Action" : 11
    },
    "0xf701-0x220000" : {
      "Text" : "C5233213-52A2-4FC4-85B0-E086618BE255",
      "Action" : 27
    },
    "0xf702-0x240000-0x7b" : {
      "Version" : 2,
      "Apply Mode" : 0,
      "Action" : 10,
      "Text" : "b",
      "Escaping" : 1
    },
    "0xf702-0x220000" : {
      "Text" : "",
      "Action" : 2
    },
    "0x7f-0x100000" : {
      "Text" : "0x15",
      "Action" : 11
    },
    "0xf728-0x80000" : {
      "Text" : "d",
      "Action" : 10
    },
    "0xf728-0x0" : {
      "Text" : "0x4",
      "Action" : 11
    },
    "0x7f-0x80000" : {
      "Text" : "\"0x1b 0x7f\"",
      "Action" : 11
    }
  },
  "Window Type" : 0,
  "Background Image Location" : "",
  "Blur" : false,
  "Badge Color" : {
    "Red Component" : 1,
    "Color Space" : "sRGB",
    "Blue Component" : 0,
    "Alpha Component" : 0.5,
    "Green Component" : 0.1491314172744751
  },
  "Scrollback Lines" : 20000,
  "Send Code When Idle" : false,
  "Close Sessions On End" : true,
  "Terminal Type" : "xterm-256color",
  "Visual Bell" : true,
  "Flashing Bell" : false,
  "Silence Bell" : false,
  "Ansi 14 Color" : {
    "Green Component" : 0.56485837697982788,
    "Blue Component" : 0.56363654136657715,
    "Red Component" : 0.50599193572998047
  },
  "Name" : "Default",
  "Cursor Text Color" : {
    "Green Component" : 0.15575926005840299,
    "Blue Component" : 0.19370138645172119,
    "Red Component" : 0
  },
  "Shortcut" : "",
  "Cursor Color" : {
    "Green Component" : 0.50962930917739868,
    "Blue Component" : 0.51685798168182373,
    "Red Component" : 0.44058024883270258
  },
  "Ansi 0 Color" : {
    "Green Component" : 0.15575926005840299,
    "Blue Component" : 0.19370138645172119,
    "Red Component" : 0
  },
  "Transparency" : 0,
  "Guid" : "C5233213-52A2-4FC4-85B0-E086618BE255",
  "Ansi 2 Color" : {
    "Green Component" : 0.54115492105484009,
    "Blue Component" : 0.02020875550806522,
    "Red Component" : 0.44977453351020807
  },
  "Horizontal Spacing" : 1,
  "Ansi 5 Color" : {
    "Green Component" : 0.10802463442087171,
    "Blue Component" : 0.43516635894775391,
    "Red Component" : 0.77738940715789795
  },
  "Ansi 6 Color" : {
    "Green Component" : 0.57082360982894897,
    "Blue Component" : 0.52502274513244629,
    "Red Component" : 0.14679534733295441
  },
  "Ansi 7 Color" : {
    "Green Component" : 0.89001238346099854,
    "Blue Component" : 0.79781103134155273,
    "Red Component" : 0.91611063480377197
  },
  "Ansi 8 Color" : {
    "Green Component" : 0.11783610284328461,
    "Blue Component" : 0.15170273184776309,
    "Red Component" : 0
  },
  "Ansi 9 Color" : {
    "Green Component" : 0.21325300633907321,
    "Blue Component" : 0.073530435562133789,
    "Red Component" : 0.74176257848739624
  },
  "Ansi 4 Color" : {
    "Green Component" : 0.46265947818756098,
    "Blue Component" : 0.78231418132781982,
    "Red Component" : 0.12754884362220761
  },
  "Ansi 1 Color" : {
    "Green Component" : 0.10840655118227011,
    "Blue Component" : 0.1414571404457092,
    "Red Component" : 0.81926977634429932
  }
}